packspercapita,state,year,treated,post
89.8,Alabama,1970,0,0
95.4,Alabama,1971,0,0
101.1,Alabama,1972,0,0
102.9,Alabama,1973,0,0
108.2,Alabama,1974,0,0
111.7,Alabama,1975,0,0
116.2,Alabama,1976,0,0
117.1,Alabama,1977,0,0
123.0,Alabama,1978,0,0
121.4,Alabama,1979,0,0
123.2,Alabama,1980,0,0
119.6,Alabama,1981,0,0
119.1,Alabama,1982,0,0
116.3,Alabama,1983,0,0
113.0,Alabama,1984,0,0
114.5,Alabama,1985,0,0
116.3,Alabama,1986,0,0
114.0,Alabama,1987,0,0
112.1,Alabama,1988,0,0
105.6,Alabama,1989,0,1
108.6,Alabama,1990,0,1
107.9,Alabama,1991,0,1
109.1,Alabama,1992,0,1
108.5,Alabama,1993,0,1
107.1,Alabama,1994,0,1
102.6,Alabama,1995,0,1
101.4,Alabama,1996,0,1
104.9,Alabama,1997,0,1
106.2,Alabama,1998,0,1
100.7,Alabama,1999,0,1
96.2,Alabama,2000,0,1
100.3,Arkansas,1970,0,0
104.1,Arkansas,1971,0,0
103.9,Arkansas,1972,0,0
108.0,Arkansas,1973,0,0
109.7,Arkansas,1974,0,0
114.8,Arkansas,1975,0,0
119.1,Arkansas,1976,0,0
122.6,Arkansas,1977,0,0
127.3,Arkansas,1978,0,0
126.5,Arkansas,1979,0,0
131.8,Arkansas,1980,0,0
128.7,Arkansas,1981,0,0
127.4,Arkansas,1982,0,0
128.0,Arkansas,1983,0,0
123.1,Arkansas,1984,0,0
125.8,Arkansas,1985,0,0
126.0,Arkansas,1986,0,0
122.3,Arkansas,1987,0,0
121.5,Arkansas,1988,0,0
118.3,Arkansas,1989,0,1
113.1,Arkansas,1990,0,1
116.8,Arkansas,1991,0,1
126.0,Arkansas,1992,0,1
113.8,Arkansas,1993,0,1
108.8,Arkansas,1994,0,1
113.0,Arkansas,1995,0,1
110.7,Arkansas,1996,0,1
108.7,Arkansas,1997,0,1
109.5,Arkansas,1998,0,1
104.8,Arkansas,1999,0,1
99.4,Arkansas,2000,0,1
123.0,California,1970,1,0
121.0,California,1971,1,0
123.5,California,1972,1,0
124.4,California,1973,1,0
126.7,California,1974,1,0
127.1,California,1975,1,0
128.0,California,1976,1,0
126.4,California,1977,1,0
126.1,California,1978,1,0
121.9,California,1979,1,0
120.2,California,1980,1,0
118.6,California,1981,1,0
115.4,California,1982,1,0
110.8,California,1983,1,0
104.8,California,1984,1,0
102.8,California,1985,1,0
99.7,California,1986,1,0
97.5,California,1987,1,0
90.1,California,1988,1,0
82.4,California,1989,1,1
77.8,California,1990,1,1
68.7,California,1991,1,1
67.5,California,1992,1,1
63.4,California,1993,1,1
58.6,California,1994,1,1
56.4,California,1995,1,1
54.5,California,1996,1,1
53.8,California,1997,1,1
52.3,California,1998,1,1
47.2,California,1999,1,1
41.6,California,2000,1,1
124.8,Colorado,1970,0,0
125.5,Colorado,1971,0,0
134.3,Colorado,1972,0,0
137.9,Colorado,1973,0,0
132.8,Colorado,1974,0,0
131.0,Colorado,1975,0,0
134.2,Colorado,1976,0,0
132.0,Colorado,1977,0,0
129.2,Colorado,1978,0,0
131.5,Colorado,1979,0,0
131.0,Colorado,1980,0,0
133.8,Colorado,1981,0,0
130.5,Colorado,1982,0,0
125.3,Colorado,1983,0,0
119.7,Colorado,1984,0,0
112.4,Colorado,1985,0,0
109.9,Colorado,1986,0,0
102.4,Colorado,1987,0,0
94.6,Colorado,1988,0,0
88.8,Colorado,1989,0,1
87.4,Colorado,1990,0,1
90.2,Colorado,1991,0,1
88.3,Colorado,1992,0,1
88.6,Colorado,1993,0,1
89.1,Colorado,1994,0,1
85.4,Colorado,1995,0,1
83.1,Colorado,1996,0,1
81.3,Colorado,1997,0,1
81.2,Colorado,1998,0,1
79.6,Colorado,1999,0,1
73.0,Colorado,2000,0,1
120.0,Connecticut,1970,0,0
117.6,Connecticut,1971,0,0
110.8,Connecticut,1972,0,0
109.3,Connecticut,1973,0,0
112.4,Connecticut,1974,0,0
110.2,Connecticut,1975,0,0
113.4,Connecticut,1976,0,0
117.3,Connecticut,1977,0,0
117.5,Connecticut,1978,0,0
117.4,Connecticut,1979,0,0
118.0,Connecticut,1980,0,0
116.4,Connecticut,1981,0,0
114.7,Connecticut,1982,0,0
114.1,Connecticut,1983,0,0
112.5,Connecticut,1984,0,0
111.0,Connecticut,1985,0,0
108.5,Connecticut,1986,0,0
109.0,Connecticut,1987,0,0
104.8,Connecticut,1988,0,0
100.6,Connecticut,1989,0,1
91.5,Connecticut,1990,0,1
86.7,Connecticut,1991,0,1
83.5,Connecticut,1992,0,1
79.1,Connecticut,1993,0,1
76.6,Connecticut,1994,0,1
79.3,Connecticut,1995,0,1
76.0,Connecticut,1996,0,1
75.9,Connecticut,1997,0,1
75.5,Connecticut,1998,0,1
73.4,Connecticut,1999,0,1
71.4,Connecticut,2000,0,1
155.0,Delaware,1970,0,0
161.1,Delaware,1971,0,0
156.3,Delaware,1972,0,0
154.7,Delaware,1973,0,0
151.3,Delaware,1974,0,0
147.6,Delaware,1975,0,0
153.0,Delaware,1976,0,0
153.3,Delaware,1977,0,0
155.5,Delaware,1978,0,0
150.2,Delaware,1979,0,0
150.5,Delaware,1980,0,0
152.6,Delaware,1981,0,0
154.1,Delaware,1982,0,0
149.6,Delaware,1983,0,0
144.0,Delaware,1984,0,0
144.5,Delaware,1985,0,0
142.4,Delaware,1986,0,0
141.0,Delaware,1987,0,0
137.1,Delaware,1988,0,0
131.7,Delaware,1989,0,1
127.2,Delaware,1990,0,1
118.8,Delaware,1991,0,1
120.0,Delaware,1992,0,1
123.8,Delaware,1993,0,1
126.1,Delaware,1994,0,1
127.2,Delaware,1995,0,1
128.3,Delaware,1996,0,1
124.1,Delaware,1997,0,1
132.8,Delaware,1998,0,1
139.5,Delaware,1999,0,1
140.7,Delaware,2000,0,1
109.9,Georgia,1970,0,0
115.7,Georgia,1971,0,0
117.0,Georgia,1972,0,0
119.8,Georgia,1973,0,0
123.7,Georgia,1974,0,0
122.9,Georgia,1975,0,0
125.9,Georgia,1976,0,0
127.9,Georgia,1977,0,0
130.6,Georgia,1978,0,0
131.0,Georgia,1979,0,0
134.0,Georgia,1980,0,0
131.7,Georgia,1981,0,0
131.2,Georgia,1982,0,0
128.6,Georgia,1983,0,0
126.3,Georgia,1984,0,0
128.8,Georgia,1985,0,0
129.0,Georgia,1986,0,0
129.3,Georgia,1987,0,0
124.1,Georgia,1988,0,0
117.1,Georgia,1989,0,1
113.8,Georgia,1990,0,1
109.6,Georgia,1991,0,1
109.2,Georgia,1992,0,1
109.2,Georgia,1993,0,1
107.8,Georgia,1994,0,1
100.3,Georgia,1995,0,1
102.7,Georgia,1996,0,1
100.6,Georgia,1997,0,1
100.5,Georgia,1998,0,1
97.1,Georgia,1999,0,1
88.4,Georgia,2000,0,1
102.4,Idaho,1970,0,0
108.5,Idaho,1971,0,0
126.1,Idaho,1972,0,0
121.8,Idaho,1973,0,0
125.6,Idaho,1974,0,0
123.3,Idaho,1975,0,0
125.1,Idaho,1976,0,0
125.0,Idaho,1977,0,0
122.8,Idaho,1978,0,0
117.5,Idaho,1979,0,0
115.2,Idaho,1980,0,0
114.1,Idaho,1981,0,0
111.5,Idaho,1982,0,0
111.3,Idaho,1983,0,0
103.6,Idaho,1984,0,0
100.7,Idaho,1985,0,0
96.7,Idaho,1986,0,0
95.0,Idaho,1987,0,0
84.5,Idaho,1988,0,0
78.4,Idaho,1989,0,1
90.1,Idaho,1990,0,1
85.4,Idaho,1991,0,1
85.1,Idaho,1992,0,1
86.7,Idaho,1993,0,1
93.0,Idaho,1994,0,1
78.2,Idaho,1995,0,1
73.6,Idaho,1996,0,1
75.0,Idaho,1997,0,1
78.9,Idaho,1998,0,1
75.1,Idaho,1999,0,1
66.9,Idaho,2000,0,1
124.8,Illinois,1970,0,0
125.6,Illinois,1971,0,0
126.6,Illinois,1972,0,0
124.4,Illinois,1973,0,0
131.9,Illinois,1974,0,0
131.8,Illinois,1975,0,0
134.4,Illinois,1976,0,0
134.0,Illinois,1977,0,0
136.7,Illinois,1978,0,0
135.3,Illinois,1979,0,0
135.2,Illinois,1980,0,0
133.0,Illinois,1981,0,0
130.7,Illinois,1982,0,0
127.9,Illinois,1983,0,0
124.0,Illinois,1984,0,0
121.6,Illinois,1985,0,0
118.2,Illinois,1986,0,0
109.5,Illinois,1987,0,0
107.6,Illinois,1988,0,0
104.6,Illinois,1989,0,1
94.1,Illinois,1990,0,1
96.1,Illinois,1991,0,1
94.8,Illinois,1992,0,1
94.6,Illinois,1993,0,1
85.7,Illinois,1994,0,1
84.3,Illinois,1995,0,1
81.8,Illinois,1996,0,1
79.6,Illinois,1997,0,1
80.3,Illinois,1998,0,1
72.2,Illinois,1999,0,1
70.0,Illinois,2000,0,1
134.6,Indiana,1970,0,0
139.3,Indiana,1971,0,0
149.2,Indiana,1972,0,0
156.0,Indiana,1973,0,0
159.6,Indiana,1974,0,0
162.4,Indiana,1975,0,0
166.6,Indiana,1976,0,0
173.0,Indiana,1977,0,0
150.9,Indiana,1978,0,0
148.9,Indiana,1979,0,0
146.9,Indiana,1980,0,0
148.5,Indiana,1981,0,0
147.7,Indiana,1982,0,0
143.0,Indiana,1983,0,0
137.8,Indiana,1984,0,0
135.3,Indiana,1985,0,0
137.6,Indiana,1986,0,0
134.0,Indiana,1987,0,0
134.0,Indiana,1988,0,0
132.5,Indiana,1989,0,1
128.3,Indiana,1990,0,1
127.2,Indiana,1991,0,1
128.2,Indiana,1992,0,1
126.8,Indiana,1993,0,1
128.2,Indiana,1994,0,1
135.4,Indiana,1995,0,1
135.1,Indiana,1996,0,1
135.3,Indiana,1997,0,1
135.9,Indiana,1998,0,1
133.3,Indiana,1999,0,1
125.5,Indiana,2000,0,1
108.5,Iowa,1970,0,0
108.4,Iowa,1971,0,0
109.4,Iowa,1972,0,0
110.6,Iowa,1973,0,0
116.1,Iowa,1974,0,0
120.5,Iowa,1975,0,0
124.4,Iowa,1976,0,0
125.5,Iowa,1977,0,0
127.1,Iowa,1978,0,0
124.2,Iowa,1979,0,0
124.6,Iowa,1980,0,0
132.9,Iowa,1981,0,0
116.2,Iowa,1982,0,0
115.6,Iowa,1983,0,0
111.2,Iowa,1984,0,0
109.4,Iowa,1985,0,0
104.1,Iowa,1986,0,0
101.1,Iowa,1987,0,0
100.2,Iowa,1988,0,0
94.4,Iowa,1989,0,1
95.4,Iowa,1990,0,1
97.1,Iowa,1991,0,1
95.2,Iowa,1992,0,1
92.5,Iowa,1993,0,1
93.4,Iowa,1994,0,1
93.0,Iowa,1995,0,1
94.0,Iowa,1996,0,1
93.9,Iowa,1997,0,1
94.0,Iowa,1998,0,1
91.7,Iowa,1999,0,1
88.9,Iowa,2000,0,1
114.0,Kansas,1970,0,0
102.8,Kansas,1971,0,0
111.0,Kansas,1972,0,0
115.2,Kansas,1973,0,0
118.6,Kansas,1974,0,0
123.4,Kansas,1975,0,0
127.7,Kansas,1976,0,0
127.9,Kansas,1977,0,0
127.1,Kansas,1978,0,0
126.4,Kansas,1979,0,0
127.1,Kansas,1980,0,0
132.0,Kansas,1981,0,0
130.9,Kansas,1982,0,0
127.6,Kansas,1983,0,0
121.7,Kansas,1984,0,0
115.7,Kansas,1985,0,0
109.4,Kansas,1986,0,0
105.2,Kansas,1987,0,0
103.2,Kansas,1988,0,0
96.5,Kansas,1989,0,1
94.3,Kansas,1990,0,1
91.8,Kansas,1991,0,1
90.0,Kansas,1992,0,1
89.9,Kansas,1993,0,1
89.1,Kansas,1994,0,1
90.1,Kansas,1995,0,1
88.7,Kansas,1996,0,1
89.2,Kansas,1997,0,1
87.6,Kansas,1998,0,1
83.3,Kansas,1999,0,1
79.8,Kansas,2000,0,1
155.8,Kentucky,1970,0,0
163.5,Kentucky,1971,0,0
179.4,Kentucky,1972,0,0
201.9,Kentucky,1973,0,0
212.4,Kentucky,1974,0,0
223.0,Kentucky,1975,0,0
230.9,Kentucky,1976,0,0
229.4,Kentucky,1977,0,0
224.7,Kentucky,1978,0,0
214.9,Kentucky,1979,0,0
215.3,Kentucky,1980,0,0
209.7,Kentucky,1981,0,0
210.6,Kentucky,1982,0,0
201.1,Kentucky,1983,0,0
183.2,Kentucky,1984,0,0
182.4,Kentucky,1985,0,0
179.8,Kentucky,1986,0,0
171.2,Kentucky,1987,0,0
173.2,Kentucky,1988,0,0
171.6,Kentucky,1989,0,1
182.5,Kentucky,1990,0,1
170.4,Kentucky,1991,0,1
167.6,Kentucky,1992,0,1
167.6,Kentucky,1993,0,1
170.1,Kentucky,1994,0,1
175.3,Kentucky,1995,0,1
179.0,Kentucky,1996,0,1
186.8,Kentucky,1997,0,1
171.3,Kentucky,1998,0,1
165.3,Kentucky,1999,0,1
156.2,Kentucky,2000,0,1
115.9,Louisiana,1970,0,0
119.8,Louisiana,1971,0,0
125.3,Louisiana,1972,0,0
126.7,Louisiana,1973,0,0
129.9,Louisiana,1974,0,0
133.6,Louisiana,1975,0,0
139.6,Louisiana,1976,0,0
140.0,Louisiana,1977,0,0
142.7,Louisiana,1978,0,0
140.1,Louisiana,1979,0,0
143.8,Louisiana,1980,0,0
144.0,Louisiana,1981,0,0
143.9,Louisiana,1982,0,0
133.7,Louisiana,1983,0,0
128.9,Louisiana,1984,0,0
125.0,Louisiana,1985,0,0
121.2,Louisiana,1986,0,0
116.5,Louisiana,1987,0,0
110.9,Louisiana,1988,0,0
103.6,Louisiana,1989,0,1
101.5,Louisiana,1990,0,1
107.2,Louisiana,1991,0,1
108.5,Louisiana,1992,0,1
106.2,Louisiana,1993,0,1
105.3,Louisiana,1994,0,1
105.7,Louisiana,1995,0,1
106.8,Louisiana,1996,0,1
105.3,Louisiana,1997,0,1
103.2,Louisiana,1998,0,1
101.0,Louisiana,1999,0,1
104.3,Louisiana,2000,0,1
128.5,Maine,1970,0,0
133.2,Maine,1971,0,0
136.5,Maine,1972,0,0
138.0,Maine,1973,0,0
142.1,Maine,1974,0,0
140.7,Maine,1975,0,0
144.9,Maine,1976,0,0
145.6,Maine,1977,0,0
143.9,Maine,1978,0,0
138.5,Maine,1979,0,0
141.2,Maine,1980,0,0
138.9,Maine,1981,0,0
139.5,Maine,1982,0,0
135.4,Maine,1983,0,0
135.5,Maine,1984,0,0
127.9,Maine,1985,0,0
119.0,Maine,1986,0,0
125.0,Maine,1987,0,0
125.0,Maine,1988,0,0
122.4,Maine,1989,0,1
117.5,Maine,1990,0,1
116.1,Maine,1991,0,1
114.5,Maine,1992,0,1
108.5,Maine,1993,0,1
101.6,Maine,1994,0,1
102.3,Maine,1995,0,1
100.0,Maine,1996,0,1
101.1,Maine,1997,0,1
94.5,Maine,1998,0,1
85.5,Maine,1999,0,1
82.9,Maine,2000,0,1
104.3,Minnesota,1970,0,0
116.4,Minnesota,1971,0,0
96.8,Minnesota,1972,0,0
106.8,Minnesota,1973,0,0
110.6,Minnesota,1974,0,0
111.5,Minnesota,1975,0,0
116.7,Minnesota,1976,0,0
117.2,Minnesota,1977,0,0
118.9,Minnesota,1978,0,0
118.3,Minnesota,1979,0,0
117.7,Minnesota,1980,0,0
120.8,Minnesota,1981,0,0
119.4,Minnesota,1982,0,0
113.2,Minnesota,1983,0,0
110.8,Minnesota,1984,0,0
113.0,Minnesota,1985,0,0
104.3,Minnesota,1986,0,0
108.8,Minnesota,1987,0,0
94.1,Minnesota,1988,0,0
92.3,Minnesota,1989,0,1
90.7,Minnesota,1990,0,1
86.2,Minnesota,1991,0,1
83.8,Minnesota,1992,0,1
81.6,Minnesota,1993,0,1
83.4,Minnesota,1994,0,1
84.1,Minnesota,1995,0,1
81.7,Minnesota,1996,0,1
84.1,Minnesota,1997,0,1
83.2,Minnesota,1998,0,1
80.7,Minnesota,1999,0,1
76.0,Minnesota,2000,0,1
93.4,Mississippi,1970,0,0
105.4,Mississippi,1971,0,0
112.1,Mississippi,1972,0,0
115.0,Mississippi,1973,0,0
117.1,Mississippi,1974,0,0
116.8,Mississippi,1975,0,0
120.9,Mississippi,1976,0,0
122.1,Mississippi,1977,0,0
124.9,Mississippi,1978,0,0
123.9,Mississippi,1979,0,0
127.0,Mississippi,1980,0,0
125.3,Mississippi,1981,0,0
125.8,Mississippi,1982,0,0
122.3,Mississippi,1983,0,0
116.4,Mississippi,1984,0,0
115.3,Mississippi,1985,0,0
113.2,Mississippi,1986,0,0
110.0,Mississippi,1987,0,0
109.0,Mississippi,1988,0,0
108.3,Mississippi,1989,0,1
101.8,Mississippi,1990,0,1
105.6,Mississippi,1991,0,1
103.9,Mississippi,1992,0,1
105.4,Mississippi,1993,0,1
106.0,Mississippi,1994,0,1
107.5,Mississippi,1995,0,1
106.9,Mississippi,1996,0,1
106.3,Mississippi,1997,0,1
107.0,Mississippi,1998,0,1
103.9,Mississippi,1999,0,1
97.2,Mississippi,2000,0,1
121.3,Missouri,1970,0,0
127.6,Missouri,1971,0,0
130.0,Missouri,1972,0,0
132.1,Missouri,1973,0,0
135.4,Missouri,1974,0,0
135.6,Missouri,1975,0,0
139.5,Missouri,1976,0,0
140.8,Missouri,1977,0,0
141.8,Missouri,1978,0,0
140.2,Missouri,1979,0,0
142.1,Missouri,1980,0,0
140.5,Missouri,1981,0,0
139.7,Missouri,1982,0,0
134.1,Missouri,1983,0,0
130.0,Missouri,1984,0,0
129.2,Missouri,1985,0,0
128.8,Missouri,1986,0,0
128.7,Missouri,1987,0,0
127.4,Missouri,1988,0,0
122.8,Missouri,1989,0,1
119.1,Missouri,1990,0,1
119.9,Missouri,1991,0,1
122.3,Missouri,1992,0,1
121.6,Missouri,1993,0,1
119.4,Missouri,1994,0,1
124.0,Missouri,1995,0,1
124.1,Missouri,1996,0,1
120.6,Missouri,1997,0,1
120.1,Missouri,1998,0,1
118.0,Missouri,1999,0,1
113.8,Missouri,2000,0,1
111.2,Montana,1970,0,0
115.6,Montana,1971,0,0
122.2,Montana,1972,0,0
119.9,Montana,1973,0,0
121.9,Montana,1974,0,0
123.7,Montana,1975,0,0
124.9,Montana,1976,0,0
127.0,Montana,1977,0,0
127.2,Montana,1978,0,0
120.3,Montana,1979,0,0
122.0,Montana,1980,0,0
121.1,Montana,1981,0,0
122.4,Montana,1982,0,0
113.7,Montana,1983,0,0
110.1,Montana,1984,0,0
103.6,Montana,1985,0,0
97.8,Montana,1986,0,0
91.7,Montana,1987,0,0
87.1,Montana,1988,0,0
86.2,Montana,1989,0,1
84.7,Montana,1990,0,1
82.9,Montana,1991,0,1
86.6,Montana,1992,0,1
86.0,Montana,1993,0,1
88.2,Montana,1994,0,1
90.5,Montana,1995,0,1
87.3,Montana,1996,0,1
88.9,Montana,1997,0,1
89.1,Montana,1998,0,1
82.6,Montana,1999,0,1
75.5,Montana,2000,0,1
108.1,Nebraska,1970,0,0
108.6,Nebraska,1971,0,0
104.9,Nebraska,1972,0,0
106.6,Nebraska,1973,0,0
110.5,Nebraska,1974,0,0
114.1,Nebraska,1975,0,0
118.1,Nebraska,1976,0,0
117.7,Nebraska,1977,0,0
117.4,Nebraska,1978,0,0
116.1,Nebraska,1979,0,0
116.3,Nebraska,1980,0,0
117.0,Nebraska,1981,0,0
117.1,Nebraska,1982,0,0
110.8,Nebraska,1983,0,0
107.7,Nebraska,1984,0,0
105.1,Nebraska,1985,0,0
103.1,Nebraska,1986,0,0
101.3,Nebraska,1987,0,0
92.9,Nebraska,1988,0,0
93.8,Nebraska,1989,0,1
89.9,Nebraska,1990,0,1
92.4,Nebraska,1991,0,1
90.6,Nebraska,1992,0,1
91.1,Nebraska,1993,0,1
85.9,Nebraska,1994,0,1
88.5,Nebraska,1995,0,1
86.2,Nebraska,1996,0,1
85.5,Nebraska,1997,0,1
83.1,Nebraska,1998,0,1
86.6,Nebraska,1999,0,1
77.6,Nebraska,2000,0,1
189.5,Nevada,1970,0,0
190.5,Nevada,1971,0,0
198.6,Nevada,1972,0,0
201.5,Nevada,1973,0,0
204.7,Nevada,1974,0,0
205.2,Nevada,1975,0,0
201.4,Nevada,1976,0,0
190.8,Nevada,1977,0,0
187.0,Nevada,1978,0,0
183.3,Nevada,1979,0,0
177.7,Nevada,1980,0,0
171.9,Nevada,1981,0,0
165.1,Nevada,1982,0,0
159.2,Nevada,1983,0,0
136.6,Nevada,1984,0,0
146.7,Nevada,1985,0,0
142.6,Nevada,1986,0,0
147.7,Nevada,1987,0,0
141.9,Nevada,1988,0,0
137.9,Nevada,1989,0,1
137.3,Nevada,1990,0,1
115.5,Nevada,1991,0,1
110.0,Nevada,1992,0,1
108.1,Nevada,1993,0,1
105.2,Nevada,1994,0,1
100.9,Nevada,1995,0,1
99.0,Nevada,1996,0,1
95.6,Nevada,1997,0,1
102.4,Nevada,1998,0,1
103.9,Nevada,1999,0,1
93.2,Nevada,2000,0,1
265.7,New Hampshire,1970,0,0
278.0,New Hampshire,1971,0,0
296.2,New Hampshire,1972,0,0
279.0,New Hampshire,1973,0,0
269.8,New Hampshire,1974,0,0
269.1,New Hampshire,1975,0,0
290.5,New Hampshire,1976,0,0
278.8,New Hampshire,1977,0,0
269.6,New Hampshire,1978,0,0
254.6,New Hampshire,1979,0,0
247.8,New Hampshire,1980,0,0
245.4,New Hampshire,1981,0,0
239.8,New Hampshire,1982,0,0
232.9,New Hampshire,1983,0,0
215.1,New Hampshire,1984,0,0
201.1,New Hampshire,1985,0,0
195.9,New Hampshire,1986,0,0
195.1,New Hampshire,1987,0,0
180.4,New Hampshire,1988,0,0
172.9,New Hampshire,1989,0,1
152.4,New Hampshire,1990,0,1
144.8,New Hampshire,1991,0,1
143.7,New Hampshire,1992,0,1
148.9,New Hampshire,1993,0,1
153.8,New Hampshire,1994,0,1
158.5,New Hampshire,1995,0,1
158.0,New Hampshire,1996,0,1
174.4,New Hampshire,1997,0,1
173.8,New Hampshire,1998,0,1
171.7,New Hampshire,1999,0,1
147.3,New Hampshire,2000,0,1
90.0,New Mexico,1970,0,0
92.6,New Mexico,1971,0,0
99.3,New Mexico,1972,0,0
98.9,New Mexico,1973,0,0
100.3,New Mexico,1974,0,0
103.1,New Mexico,1975,0,0
102.4,New Mexico,1976,0,0
102.4,New Mexico,1977,0,0
103.1,New Mexico,1978,0,0
101.0,New Mexico,1979,0,0
102.7,New Mexico,1980,0,0
103.0,New Mexico,1981,0,0
97.5,New Mexico,1982,0,0
96.3,New Mexico,1983,0,0
88.9,New Mexico,1984,0,0
88.0,New Mexico,1985,0,0
88.2,New Mexico,1986,0,0
82.3,New Mexico,1987,0,0
77.7,New Mexico,1988,0,0
74.4,New Mexico,1989,0,1
70.8,New Mexico,1990,0,1
69.9,New Mexico,1991,0,1
71.4,New Mexico,1992,0,1
69.0,New Mexico,1993,0,1
68.2,New Mexico,1994,0,1
67.0,New Mexico,1995,0,1
65.7,New Mexico,1996,0,1
61.8,New Mexico,1997,0,1
62.6,New Mexico,1998,0,1
59.7,New Mexico,1999,0,1
53.8,New Mexico,2000,0,1
172.4,North Carolina,1970,0,0
187.6,North Carolina,1971,0,0
214.1,North Carolina,1972,0,0
226.5,North Carolina,1973,0,0
227.3,North Carolina,1974,0,0
226.0,North Carolina,1975,0,0
230.2,North Carolina,1976,0,0
217.0,North Carolina,1977,0,0
205.5,North Carolina,1978,0,0
197.3,North Carolina,1979,0,0
187.8,North Carolina,1980,0,0
179.3,North Carolina,1981,0,0
179.0,North Carolina,1982,0,0
169.8,North Carolina,1983,0,0
160.6,North Carolina,1984,0,0
156.3,North Carolina,1985,0,0
154.4,North Carolina,1986,0,0
150.5,North Carolina,1987,0,0
146.0,North Carolina,1988,0,0
139.3,North Carolina,1989,0,1
133.7,North Carolina,1990,0,1
132.7,North Carolina,1991,0,1
128.9,North Carolina,1992,0,1
129.7,North Carolina,1993,0,1
112.7,North Carolina,1994,0,1
124.9,North Carolina,1995,0,1
129.7,North Carolina,1996,0,1
125.6,North Carolina,1997,0,1
126.0,North Carolina,1998,0,1
113.1,North Carolina,1999,0,1
109.0,North Carolina,2000,0,1
93.8,North Dakota,1970,0,0
98.5,North Dakota,1971,0,0
103.8,North Dakota,1972,0,0
108.7,North Dakota,1973,0,0
110.5,North Dakota,1974,0,0
117.9,North Dakota,1975,0,0
125.4,North Dakota,1976,0,0
122.2,North Dakota,1977,0,0
121.9,North Dakota,1978,0,0
121.3,North Dakota,1979,0,0
123.7,North Dakota,1980,0,0
125.7,North Dakota,1981,0,0
126.8,North Dakota,1982,0,0
119.6,North Dakota,1983,0,0
109.4,North Dakota,1984,0,0
103.2,North Dakota,1985,0,0
99.8,North Dakota,1986,0,0
92.3,North Dakota,1987,0,0
87.1,North Dakota,1988,0,0
84.1,North Dakota,1989,0,1
77.1,North Dakota,1990,0,1
85.2,North Dakota,1991,0,1
74.3,North Dakota,1992,0,1
83.0,North Dakota,1993,0,1
81.0,North Dakota,1994,0,1
80.6,North Dakota,1995,0,1
80.8,North Dakota,1996,0,1
77.5,North Dakota,1997,0,1
79.1,North Dakota,1998,0,1
74.7,North Dakota,1999,0,1
72.5,North Dakota,2000,0,1
121.6,Ohio,1970,0,0
124.6,Ohio,1971,0,0
124.4,Ohio,1972,0,0
120.5,Ohio,1973,0,0
122.1,Ohio,1974,0,0
122.5,Ohio,1975,0,0
124.6,Ohio,1976,0,0
127.3,Ohio,1977,0,0
131.3,Ohio,1978,0,0
130.9,Ohio,1979,0,0
133.5,Ohio,1980,0,0
132.8,Ohio,1981,0,0
134.0,Ohio,1982,0,0
130.0,Ohio,1983,0,0
127.1,Ohio,1984,0,0
126.7,Ohio,1985,0,0
126.3,Ohio,1986,0,0
124.6,Ohio,1987,0,0
122.4,Ohio,1988,0,0
118.6,Ohio,1989,0,1
115.5,Ohio,1990,0,1
113.2,Ohio,1991,0,1
112.3,Ohio,1992,0,1
108.9,Ohio,1993,0,1
108.6,Ohio,1994,0,1
111.7,Ohio,1995,0,1
107.6,Ohio,1996,0,1
108.6,Ohio,1997,0,1
106.4,Ohio,1998,0,1
104.0,Ohio,1999,0,1
99.9,Ohio,2000,0,1
108.4,Oklahoma,1970,0,0
115.4,Oklahoma,1971,0,0
121.7,Oklahoma,1972,0,0
124.1,Oklahoma,1973,0,0
130.5,Oklahoma,1974,0,0
132.9,Oklahoma,1975,0,0
138.6,Oklahoma,1976,0,0
140.4,Oklahoma,1977,0,0
143.6,Oklahoma,1978,0,0
141.6,Oklahoma,1979,0,0
141.6,Oklahoma,1980,0,0
143.7,Oklahoma,1981,0,0
147.0,Oklahoma,1982,0,0
140.0,Oklahoma,1983,0,0
128.1,Oklahoma,1984,0,0
124.2,Oklahoma,1985,0,0
119.9,Oklahoma,1986,0,0
113.1,Oklahoma,1987,0,0
103.6,Oklahoma,1988,0,0
97.5,Oklahoma,1989,0,1
88.4,Oklahoma,1990,0,1
87.8,Oklahoma,1991,0,1
86.3,Oklahoma,1992,0,1
86.2,Oklahoma,1993,0,1
104.8,Oklahoma,1994,0,1
109.5,Oklahoma,1995,0,1
110.8,Oklahoma,1996,0,1
111.8,Oklahoma,1997,0,1
112.2,Oklahoma,1998,0,1
111.4,Oklahoma,1999,0,1
108.9,Oklahoma,2000,0,1
107.3,Pennsylvania,1970,0,0
106.3,Pennsylvania,1971,0,0
109.0,Pennsylvania,1972,0,0
110.7,Pennsylvania,1973,0,0
114.2,Pennsylvania,1974,0,0
114.6,Pennsylvania,1975,0,0
118.8,Pennsylvania,1976,0,0
120.1,Pennsylvania,1977,0,0
122.3,Pennsylvania,1978,0,0
122.6,Pennsylvania,1979,0,0
124.0,Pennsylvania,1980,0,0
125.2,Pennsylvania,1981,0,0
123.3,Pennsylvania,1982,0,0
125.3,Pennsylvania,1983,0,0
115.3,Pennsylvania,1984,0,0
115.8,Pennsylvania,1985,0,0
113.9,Pennsylvania,1986,0,0
110.6,Pennsylvania,1987,0,0
107.6,Pennsylvania,1988,0,0
107.1,Pennsylvania,1989,0,1
101.3,Pennsylvania,1990,0,1
102.5,Pennsylvania,1991,0,1
96.2,Pennsylvania,1992,0,1
94.7,Pennsylvania,1993,0,1
95.4,Pennsylvania,1994,0,1
95.4,Pennsylvania,1995,0,1
93.3,Pennsylvania,1996,0,1
92.9,Pennsylvania,1997,0,1
92.1,Pennsylvania,1998,0,1
91.1,Pennsylvania,1999,0,1
87.9,Pennsylvania,2000,0,1
123.9,Rhode Island,1970,0,0
123.2,Rhode Island,1971,0,0
134.4,Rhode Island,1972,0,0
142.0,Rhode Island,1973,0,0
146.1,Rhode Island,1974,0,0
154.7,Rhode Island,1975,0,0
150.2,Rhode Island,1976,0,0
148.8,Rhode Island,1977,0,0
146.8,Rhode Island,1978,0,0
145.8,Rhode Island,1979,0,0
149.3,Rhode Island,1980,0,0
151.2,Rhode Island,1981,0,0
146.3,Rhode Island,1982,0,0
135.8,Rhode Island,1983,0,0
136.9,Rhode Island,1984,0,0
133.4,Rhode Island,1985,0,0
136.3,Rhode Island,1986,0,0
124.4,Rhode Island,1987,0,0
138.0,Rhode Island,1988,0,0
120.8,Rhode Island,1989,0,1
101.4,Rhode Island,1990,0,1
103.6,Rhode Island,1991,0,1
100.1,Rhode Island,1992,0,1
94.1,Rhode Island,1993,0,1
91.9,Rhode Island,1994,0,1
90.8,Rhode Island,1995,0,1
87.5,Rhode Island,1996,0,1
90.0,Rhode Island,1997,0,1
88.7,Rhode Island,1998,0,1
86.9,Rhode Island,1999,0,1
83.1,Rhode Island,2000,0,1
103.6,South Carolina,1970,0,0
115.0,South Carolina,1971,0,0
118.7,South Carolina,1972,0,0
125.5,South Carolina,1973,0,0
129.7,South Carolina,1974,0,0
130.5,South Carolina,1975,0,0
136.8,South Carolina,1976,0,0
137.2,South Carolina,1977,0,0
140.4,South Carolina,1978,0,0
135.7,South Carolina,1979,0,0
138.3,South Carolina,1980,0,0
136.1,South Carolina,1981,0,0
136.0,South Carolina,1982,0,0
131.1,South Carolina,1983,0,0
127.0,South Carolina,1984,0,0
125.4,South Carolina,1985,0,0
126.6,South Carolina,1986,0,0
126.6,South Carolina,1987,0,0
124.4,South Carolina,1988,0,0
122.4,South Carolina,1989,0,1
118.6,South Carolina,1990,0,1
121.5,South Carolina,1991,0,1
112.8,South Carolina,1992,0,1
115.2,South Carolina,1993,0,1
112.2,South Carolina,1994,0,1
109.2,South Carolina,1995,0,1
102.9,South Carolina,1996,0,1
124.5,South Carolina,1997,0,1
126.9,South Carolina,1998,0,1
109.4,South Carolina,1999,0,1
103.9,South Carolina,2000,0,1
92.7,South Dakota,1970,0,0
96.7,South Dakota,1971,0,0
103.0,South Dakota,1972,0,0
103.5,South Dakota,1973,0,0
108.4,South Dakota,1974,0,0
113.5,South Dakota,1975,0,0
116.7,South Dakota,1976,0,0
115.6,South Dakota,1977,0,0
116.9,South Dakota,1978,0,0
117.4,South Dakota,1979,0,0
114.7,South Dakota,1980,0,0
115.7,South Dakota,1981,0,0
113.0,South Dakota,1982,0,0
109.8,South Dakota,1983,0,0
105.7,South Dakota,1984,0,0
104.4,South Dakota,1985,0,0
97.0,South Dakota,1986,0,0
95.8,South Dakota,1987,0,0
91.9,South Dakota,1988,0,0
87.4,South Dakota,1989,0,1
88.3,South Dakota,1990,0,1
91.8,South Dakota,1991,0,1
93.0,South Dakota,1992,0,1
91.6,South Dakota,1993,0,1
94.8,South Dakota,1994,0,1
98.6,South Dakota,1995,0,1
92.3,South Dakota,1996,0,1
88.8,South Dakota,1997,0,1
88.3,South Dakota,1998,0,1
83.5,South Dakota,1999,0,1
75.1,South Dakota,2000,0,1
99.8,Tennessee,1970,0,0
106.3,Tennessee,1971,0,0
111.5,Tennessee,1972,0,0
109.7,Tennessee,1973,0,0
114.8,Tennessee,1974,0,0
117.4,Tennessee,1975,0,0
121.7,Tennessee,1976,0,0
124.6,Tennessee,1977,0,0
127.3,Tennessee,1978,0,0
127.2,Tennessee,1979,0,0
130.4,Tennessee,1980,0,0
129.1,Tennessee,1981,0,0
131.4,Tennessee,1982,0,0
129.0,Tennessee,1983,0,0
125.1,Tennessee,1984,0,0
128.7,Tennessee,1985,0,0
129.0,Tennessee,1986,0,0
130.6,Tennessee,1987,0,0
125.3,Tennessee,1988,0,0
124.7,Tennessee,1989,0,1
121.8,Tennessee,1990,0,1
120.6,Tennessee,1991,0,1
121.0,Tennessee,1992,0,1
120.8,Tennessee,1993,0,1
118.8,Tennessee,1994,0,1
125.4,Tennessee,1995,0,1
119.2,Tennessee,1996,0,1
118.9,Tennessee,1997,0,1
119.7,Tennessee,1998,0,1
115.6,Tennessee,1999,0,1
108.7,Tennessee,2000,0,1
106.4,Texas,1970,0,0
108.9,Texas,1971,0,0
108.6,Texas,1972,0,0
110.4,Texas,1973,0,0
114.7,Texas,1974,0,0
116.0,Texas,1975,0,0
121.4,Texas,1976,0,0
124.2,Texas,1977,0,0
126.6,Texas,1978,0,0
126.4,Texas,1979,0,0
129.7,Texas,1980,0,0
129.0,Texas,1981,0,0
131.2,Texas,1982,0,0
126.4,Texas,1983,0,0
117.2,Texas,1984,0,0
115.9,Texas,1985,0,0
113.7,Texas,1986,0,0
105.8,Texas,1987,0,0
96.5,Texas,1988,0,0
94.5,Texas,1989,0,1
85.6,Texas,1990,0,1
79.4,Texas,1991,0,1
77.2,Texas,1992,0,1
81.3,Texas,1993,0,1
78.8,Texas,1994,0,1
75.2,Texas,1995,0,1
74.6,Texas,1996,0,1
72.6,Texas,1997,0,1
73.2,Texas,1998,0,1
67.6,Texas,1999,0,1
69.3,Texas,2000,0,1
65.5,Utah,1970,0,0
67.7,Utah,1971,0,0
71.3,Utah,1972,0,0
72.7,Utah,1973,0,0
75.6,Utah,1974,0,0
75.8,Utah,1975,0,0
77.9,Utah,1976,0,0
78.0,Utah,1977,0,0
79.6,Utah,1978,0,0
79.1,Utah,1979,0,0
74.8,Utah,1980,0,0
77.6,Utah,1981,0,0
73.6,Utah,1982,0,0
69.0,Utah,1983,0,0
66.3,Utah,1984,0,0
66.5,Utah,1985,0,0
64.4,Utah,1986,0,0
67.7,Utah,1987,0,0
55.0,Utah,1988,0,0
57.0,Utah,1989,0,1
53.4,Utah,1990,0,1
53.5,Utah,1991,0,1
55.0,Utah,1992,0,1
56.2,Utah,1993,0,1
55.8,Utah,1994,0,1
52.0,Utah,1995,0,1
54.0,Utah,1996,0,1
57.0,Utah,1997,0,1
42.3,Utah,1998,0,1
43.9,Utah,1999,0,1
40.7,Utah,2000,0,1
122.6,Vermont,1970,0,0
124.4,Vermont,1971,0,0
138.0,Vermont,1972,0,0
146.8,Vermont,1973,0,0
151.8,Vermont,1974,0,0
155.5,Vermont,1975,0,0
171.1,Vermont,1976,0,0
169.4,Vermont,1977,0,0
162.4,Vermont,1978,0,0
160.9,Vermont,1979,0,0
161.6,Vermont,1980,0,0
163.8,Vermont,1981,0,0
162.3,Vermont,1982,0,0
153.8,Vermont,1983,0,0
144.3,Vermont,1984,0,0
144.5,Vermont,1985,0,0
131.2,Vermont,1986,0,0
128.3,Vermont,1987,0,0
128.7,Vermont,1988,0,0
120.9,Vermont,1989,0,1
124.3,Vermont,1990,0,1
120.9,Vermont,1991,0,1
126.5,Vermont,1992,0,1
117.2,Vermont,1993,0,1
120.3,Vermont,1994,0,1
123.2,Vermont,1995,0,1
102.5,Vermont,1996,0,1
97.7,Vermont,1997,0,1
97.0,Vermont,1998,0,1
94.1,Vermont,1999,0,1
88.9,Vermont,2000,0,1
124.3,Virginia,1970,0,0
128.4,Virginia,1971,0,0
137.0,Virginia,1972,0,0
143.1,Virginia,1973,0,0
149.6,Virginia,1974,0,0
152.7,Virginia,1975,0,0
158.1,Virginia,1976,0,0
157.7,Virginia,1977,0,0
155.9,Virginia,1978,0,0
151.8,Virginia,1979,0,0
148.9,Virginia,1980,0,0
149.9,Virginia,1981,0,0
147.4,Virginia,1982,0,0
144.7,Virginia,1983,0,0
136.8,Virginia,1984,0,0
134.6,Virginia,1985,0,0
135.8,Virginia,1986,0,0
133.0,Virginia,1987,0,0
129.5,Virginia,1988,0,0
122.5,Virginia,1989,0,1
118.9,Virginia,1990,0,1
109.1,Virginia,1991,0,1
108.2,Virginia,1992,0,1
105.4,Virginia,1993,0,1
106.2,Virginia,1994,0,1
106.7,Virginia,1995,0,1
104.6,Virginia,1996,0,1
108.0,Virginia,1997,0,1
105.6,Virginia,1998,0,1
102.1,Virginia,1999,0,1
96.7,Virginia,2000,0,1
114.5,West Virginia,1970,0,0
111.5,West Virginia,1971,0,0
117.5,West Virginia,1972,0,0
116.6,West Virginia,1973,0,0
119.9,West Virginia,1974,0,0
123.2,West Virginia,1975,0,0
129.7,West Virginia,1976,0,0
133.9,West Virginia,1977,0,0
131.6,West Virginia,1978,0,0
122.1,West Virginia,1979,0,0
122.3,West Virginia,1980,0,0
120.5,West Virginia,1981,0,0
119.8,West Virginia,1982,0,0
115.7,West Virginia,1983,0,0
111.9,West Virginia,1984,0,0
109.1,West Virginia,1985,0,0
112.1,West Virginia,1986,0,0
107.5,West Virginia,1987,0,0
109.1,West Virginia,1988,0,0
104.0,West Virginia,1989,0,1
104.1,West Virginia,1990,0,1
100.1,West Virginia,1991,0,1
97.9,West Virginia,1992,0,1
111.0,West Virginia,1993,0,1
104.2,West Virginia,1994,0,1
115.2,West Virginia,1995,0,1
112.7,West Virginia,1996,0,1
114.5,West Virginia,1997,0,1
114.6,West Virginia,1998,0,1
112.4,West Virginia,1999,0,1
107.9,West Virginia,2000,0,1
106.4,Wisconsin,1970,0,0
105.4,Wisconsin,1971,0,0
108.8,Wisconsin,1972,0,0
109.5,Wisconsin,1973,0,0
111.8,Wisconsin,1974,0,0
113.5,Wisconsin,1975,0,0
115.4,Wisconsin,1976,0,0
117.2,Wisconsin,1977,0,0
116.7,Wisconsin,1978,0,0
117.1,Wisconsin,1979,0,0
117.6,Wisconsin,1980,0,0
119.9,Wisconsin,1981,0,0
115.6,Wisconsin,1982,0,0
106.3,Wisconsin,1983,0,0
105.6,Wisconsin,1984,0,0
107.0,Wisconsin,1985,0,0
105.4,Wisconsin,1986,0,0
106.0,Wisconsin,1987,0,0
102.6,Wisconsin,1988,0,0
100.3,Wisconsin,1989,0,1
94.0,Wisconsin,1990,0,1
95.5,Wisconsin,1991,0,1
96.2,Wisconsin,1992,0,1
91.2,Wisconsin,1993,0,1
91.8,Wisconsin,1994,0,1
93.5,Wisconsin,1995,0,1
92.1,Wisconsin,1996,0,1
91.9,Wisconsin,1997,0,1
88.7,Wisconsin,1998,0,1
84.4,Wisconsin,1999,0,1
80.1,Wisconsin,2000,0,1
132.2,Wyoming,1970,0,0
131.7,Wyoming,1971,0,0
140.0,Wyoming,1972,0,0
141.2,Wyoming,1973,0,0
145.8,Wyoming,1974,0,0
160.7,Wyoming,1975,0,0
161.5,Wyoming,1976,0,0
160.4,Wyoming,1977,0,0
160.3,Wyoming,1978,0,0
168.6,Wyoming,1979,0,0
158.1,Wyoming,1980,0,0
163.1,Wyoming,1981,0,0
157.7,Wyoming,1982,0,0
141.2,Wyoming,1983,0,0
128.9,Wyoming,1984,0,0
125.7,Wyoming,1985,0,0
124.8,Wyoming,1986,0,0
110.4,Wyoming,1987,0,0
114.3,Wyoming,1988,0,0
111.4,Wyoming,1989,0,1
96.9,Wyoming,1990,0,1
109.1,Wyoming,1991,0,1
110.8,Wyoming,1992,0,1
108.4,Wyoming,1993,0,1
111.2,Wyoming,1994,0,1
115.0,Wyoming,1995,0,1
110.3,Wyoming,1996,0,1
108.8,Wyoming,1997,0,1
102.9,Wyoming,1998,0,1
104.8,Wyoming,1999,0,1
90.5,Wyoming,2000,0,1
